<?xml version="1.0" encoding="UTF-8"?><dcdt>
    <project type="Single-Loop" name="buck">
        <compensator type="3P3Z">
            <pole type="0" value="833.000"/>
            <pole type="2" value="19700.000"/>
            <pole type="3" value="100000.000"/>
            <zero type="1" value="1888.000"/>
            <zero type="2" value="1416.000"/>
            <gain type="kdc" value="1.000"/>
            <setting type="warp" value="false"/>
            <pwm type="frequency" value="200000.000"/>
            <pwm type="ratio" value="1"/>
            <pwm type="PWM Max Resolution" value="1.060e-09"/>
            <pwm type="computational delay" value="1.500e-06"/>
            <pwm type="gate drive delay" value="1.500e-07"/>
            <clamp type="min" value="0"/>
            <clamp type="max" value="32767"/>
            <zero type="complex" value="1800.000"/>
            <ratio type="dampening" value="0.70"/>
            <setting type="complex" value="false"/>
        </compensator>
        <plant type="polynomial" value="Hsys">
            <a type="0" value="1.238e+09"/>
            <a type="1" value="2.000e+04"/>
            <a type="2" value="0.000e+00"/>
            <a type="3" value="0.000e+00"/>
            <a type="4" value="0.000e+00"/>
            <a type="5" value="0.000e+00"/>
            <b type="0" value="1.401e+08"/>
            <b type="1" value="5.416e+03"/>
            <b type="2" value="1.000e+00"/>
            <b type="3" value="0.000e+00"/>
            <b type="4" value="0.000e+00"/>
            <b type="5" value="0.000e+00"/>
        </plant>
        <feedback type="rc network" value="Hfb">
            <resister type="1" value="1100"/>
            <resister type="2" value="3160"/>
            <capacitor type="1" value="1.800e-09"/>
            <adc type="resolution" value="10-bit"/>
            <adc type="latency" value="600"/>
            <adc type="voltage range" value="3.300e+00"/>
            <adc type="output" value="3.300e+00"/>
            <adc type="Kr" value="0.0000"/>
        </feedback>
    </project>
</dcdt>
